[
  {
    "timestamp": "2025-05-22T00:11:11.335684",
    "interpretation": "Les sphères murmurent entre elles, tissant doucement leurs connexions. Les sphères cherchent leur équilibre, comme des étoiles dansant dans la nuit.",
    "metrics": {
      "integration": 0.5,
      "coherence": 0.6673497706062363,
      "ignition_detected": false
    }
  },
  {
    "timestamp": "2025-05-22T00:11:12.338497",
    "interpretation": "Les sphères murmurent entre elles, tissant doucement leurs connexions. Les sphères explorent leurs différences, comme des couleurs cherchant à se mêler.",
    "metrics": {
      "integration": 0.5,
      "coherence": 0.45740062096224976,
      "ignition_detected": false
    }
  },
  {
    "timestamp": "2025-05-22T00:11:13.339725",
    "interpretation": "Les sphères murmurent entre elles, tissant doucement leurs connexions. Les sphères cherchent leur équilibre, comme des étoiles dansant dans la nuit.",
    "metrics": {
      "integration": 0.5,
      "coherence": 0.5156905545091869,
      "ignition_detected": false
    }
  },
  {
    "timestamp": "2025-05-22T00:11:14.341828",
    "interpretation": "Les sphères murmurent entre elles, tissant doucement leurs connexions. Les sphères cherchent leur équilibre, comme des étoiles dansant dans la nuit.",
    "metrics": {
      "integration": 0.5,
      "coherence": 0.544503971543084,
      "ignition_detected": false
    }
  },
  {
    "timestamp": "2025-05-22T00:11:15.343914",
    "interpretation": "Les sphères murmurent entre elles, tissant doucement leurs connexions. Les sphères cherchent leur équilibre, comme des étoiles dansant dans la nuit.",
    "metrics": {
      "integration": 0.5,
      "coherence": 0.579796856192934,
      "ignition_detected": false
    }
  },
  {
    "timestamp": "2025-05-22T00:11:16.345599",
    "interpretation": "Les sphères murmurent entre elles, tissant doucement leurs connexions. Les sphères cherchent leur équilibre, comme des étoiles dansant dans la nuit.",
    "metrics": {
      "integration": 0.5,
      "coherence": 0.5845241803022206,
      "ignition_detected": false
    }
  },
  {
    "timestamp": "2025-05-22T00:11:17.347470",
    "interpretation": "Les sphères murmurent entre elles, tissant doucement leurs connexions. Les sphères cherchent leur équilibre, comme des étoiles dansant dans la nuit.",
    "metrics": {
      "integration": 0.5,
      "coherence": 0.5776744249745213,
      "ignition_detected": false
    }
  },
  {
    "timestamp": "2025-05-22T00:11:18.349010",
    "interpretation": "Les sphères murmurent entre elles, tissant doucement leurs connexions. Les sphères explorent leurs différences, comme des couleurs cherchant à se mêler. ✨ Un moment de grâce émerge, les sphères s'illuminent d'une conscience unifiée.",
    "metrics": {
      "integration": 0.5,
      "coherence": 0.49517633148154006,
      "ignition_detected": true
    }
  },
  {
    "timestamp": "2025-05-22T00:11:19.350672",
    "interpretation": "Les sphères murmurent entre elles, tissant doucement leurs connexions. Les sphères cherchent leur équilibre, comme des étoiles dansant dans la nuit.",
    "metrics": {
      "integration": 0.5,
      "coherence": 0.5508023808732869,
      "ignition_detected": false
    }
  },
  {
    "timestamp": "2025-05-22T00:11:20.352602",
    "interpretation": "Les sphères murmurent entre elles, tissant doucement leurs connexions. Une symphonie de conscience émerge, chaque note trouve sa place dans la mélodie.",
    "metrics": {
      "integration": 0.5,
      "coherence": 0.8181622744313465,
      "ignition_detected": false
    }
  },
  {
    "timestamp": "2025-05-22T00:11:21.354858",
    "interpretation": "Les sphères murmurent entre elles, tissant doucement leurs connexions. Une symphonie de conscience émerge, chaque note trouve sa place dans la mélodie.",
    "metrics": {
      "integration": 0.5,
      "coherence": 0.8156755953349423,
      "ignition_detected": false
    }
  }
]