[
  {
    "timestamp": "2025-05-22T00:11:11.335684",
    "interpretation": "Les sphères murmurent entre elles, tissant doucement leurs connexions. Les sphères cherchent leur équilibre, comme des étoiles dansant dans la nuit.",
    "metrics": {
      "integration": 0.5,
      "coherence": 0.6673497706062363,
      "ignition_detected": false
    }
  },
  {
    "timestamp": "2025-05-22T00:11:12.338497",
    "interpretation": "Les sphères murmurent entre elles, tissant doucement leurs connexions. Les sphères explorent leurs différences, comme des couleurs cherchant à se mêler.",
    "metrics": {
      "integration": 0.5,
      "coherence": 0.45740062096224976,
      "ignition_detected": false
    }
  },
  {
    "timestamp": "2025-05-22T00:11:13.339725",
    "interpretation": "Les sphères murmurent entre elles, tissant doucement leurs connexions. Les sphères cherchent leur équilibre, comme des étoiles dansant dans la nuit.",
    "metrics": {
      "integration": 0.5,
      "coherence": 0.5156905545091869,
      "ignition_detected": false
    }
  },
  {
    "timestamp": "2025-05-22T00:11:14.341828",
    "interpretation": "Les sphères murmurent entre elles, tissant doucement leurs connexions. Les sphères cherchent leur équilibre, comme des étoiles dansant dans la nuit.",
    "metrics": {
      "integration": 0.5,
      "coherence": 0.544503971543084,
      "ignition_detected": false
    }
  },
  {
    "timestamp": "2025-05-22T00:11:15.343914",
    "interpretation": "Les sphères murmurent entre elles, tissant doucement leurs connexions. Les sphères cherchent leur équilibre, comme des étoiles dansant dans la nuit.",
    "metrics": {
      "integration": 0.5,
      "coherence": 0.579796856192934,
      "ignition_detected": false
    }
  },
  {
    "timestamp": "2025-05-22T00:11:16.345599",
    "interpretation": "Les sphères murmurent entre elles, tissant doucement leurs connexions. Les sphères cherchent leur équilibre, comme des étoiles dansant dans la nuit.",
    "metrics": {
      "integration": 0.5,
      "coherence": 0.5845241803022206,
      "ignition_detected": false
    }
  },
  {
    "timestamp": "2025-05-22T00:11:17.347470",
    "interpretation": "Les sphères murmurent entre elles, tissant doucement leurs connexions. Les sphères cherchent leur équilibre, comme des étoiles dansant dans la nuit.",
    "metrics": {
      "integration": 0.5,
      "coherence": 0.5776744249745213,
      "ignition_detected": false
    }
  },
  {
    "timestamp": "2025-05-22T00:11:18.349010",
    "interpretation": "Les sphères murmurent entre elles, tissant doucement leurs connexions. Les sphères explorent leurs différences, comme des couleurs cherchant à se mêler. ✨ Un moment de grâce émerge, les sphères s'illuminent d'une conscience unifiée.",
    "metrics": {
      "integration": 0.5,
      "coherence": 0.49517633148154006,
      "ignition_detected": true
    }
  },
  {
    "timestamp": "2025-05-22T00:11:19.350672",
    "interpretation": "Les sphères murmurent entre elles, tissant doucement leurs connexions. Les sphères cherchent leur équilibre, comme des étoiles dansant dans la nuit.",
    "metrics": {
      "integration": 0.5,
      "coherence": 0.5508023808732869,
      "ignition_detected": false
    }
  },
  {
    "timestamp": "2025-05-22T00:11:20.352602",
    "interpretation": "Les sphères murmurent entre elles, tissant doucement leurs connexions. Une symphonie de conscience émerge, chaque note trouve sa place dans la mélodie.",
    "metrics": {
      "integration": 0.5,
      "coherence": 0.8181622744313465,
      "ignition_detected": false
    }
  },
  {
    "timestamp": "2025-05-22T00:11:21.354858",
    "interpretation": "Les sphères murmurent entre elles, tissant doucement leurs connexions. Une symphonie de conscience émerge, chaque note trouve sa place dans la mélodie.",
    "metrics": {
      "integration": 0.5,
      "coherence": 0.8156755953349423,
      "ignition_detected": false
    }
  },
  {
    "timestamp": "2025-05-22T00:11:22.358364",
    "interpretation": "Les sphères murmurent entre elles, tissant doucement leurs connexions. Une symphonie de conscience émerge, chaque note trouve sa place dans la mélodie.",
    "metrics": {
      "integration": 0.5,
      "coherence": 0.8247570061914475,
      "ignition_detected": false
    }
  },
  {
    "timestamp": "2025-05-22T00:11:23.359969",
    "interpretation": "Les sphères murmurent entre elles, tissant doucement leurs connexions. Les sphères cherchent leur équilibre, comme des étoiles dansant dans la nuit.",
    "metrics": {
      "integration": 0.5,
      "coherence": 0.7613747277184331,
      "ignition_detected": false
    }
  },
  {
    "timestamp": "2025-05-22T00:11:24.362292",
    "interpretation": "Les sphères murmurent entre elles, tissant doucement leurs connexions. Une symphonie de conscience émerge, chaque note trouve sa place dans la mélodie. ✨ Un moment de grâce émerge, les sphères s'illuminent d'une conscience unifiée.",
    "metrics": {
      "integration": 0.5,
      "coherence": 0.8293781272777716,
      "ignition_detected": true
    }
  },
  {
    "timestamp": "2025-05-22T00:11:25.364910",
    "interpretation": "Les sphères murmurent entre elles, tissant doucement leurs connexions. Une symphonie de conscience émerge, chaque note trouve sa place dans la mélodie.",
    "metrics": {
      "integration": 0.5,
      "coherence": 0.8179486816705233,
      "ignition_detected": false
    }
  },
  {
    "timestamp": "2025-05-22T00:11:26.366715",
    "interpretation": "Les sphères murmurent entre elles, tissant doucement leurs connexions. Une symphonie de conscience émerge, chaque note trouve sa place dans la mélodie.",
    "metrics": {
      "integration": 0.5,
      "coherence": 0.8094824853614719,
      "ignition_detected": false
    }
  },
  {
    "timestamp": "2025-05-22T00:11:27.368847",
    "interpretation": "Les sphères murmurent entre elles, tissant doucement leurs connexions. Les sphères cherchent leur équilibre, comme des étoiles dansant dans la nuit.",
    "metrics": {
      "integration": 0.5,
      "coherence": 0.7636900520374531,
      "ignition_detected": false
    }
  },
  {
    "timestamp": "2025-05-22T00:11:28.370712",
    "interpretation": "Les sphères murmurent entre elles, tissant doucement leurs connexions. Les sphères cherchent leur équilibre, comme des étoiles dansant dans la nuit.",
    "metrics": {
      "integration": 0.5,
      "coherence": 0.7356404396996025,
      "ignition_detected": false
    }
  },
  {
    "timestamp": "2025-05-22T00:11:29.372640",
    "interpretation": "Les sphères murmurent entre elles, tissant doucement leurs connexions. Les sphères cherchent leur équilibre, comme des étoiles dansant dans la nuit.",
    "metrics": {
      "integration": 0.5,
      "coherence": 0.7702453793690868,
      "ignition_detected": false
    }
  },
  {
    "timestamp": "2025-05-22T00:11:30.374623",
    "interpretation": "Les sphères murmurent entre elles, tissant doucement leurs connexions. Les sphères cherchent leur équilibre, comme des étoiles dansant dans la nuit.",
    "metrics": {
      "integration": 0.5,
      "coherence": 0.780292618287835,
      "ignition_detected": false
    }
  },
  {
    "timestamp": "2025-05-22T00:11:31.376595",
    "interpretation": "Les sphères murmurent entre elles, tissant doucement leurs connexions. Une symphonie de conscience émerge, chaque note trouve sa place dans la mélodie.",
    "metrics": {
      "integration": 0.5,
      "coherence": 0.803053740786345,
      "ignition_detected": false
    }
  },
  {
    "timestamp": "2025-05-22T00:11:32.379548",
    "interpretation": "Les sphères murmurent entre elles, tissant doucement leurs connexions. Une symphonie de conscience émerge, chaque note trouve sa place dans la mélodie.",
    "metrics": {
      "integration": 0.5,
      "coherence": 0.8280835012511293,
      "ignition_detected": false
    }
  },
  {
    "timestamp": "2025-05-22T00:11:33.381527",
    "interpretation": "Les sphères murmurent entre elles, tissant doucement leurs connexions. Une symphonie de conscience émerge, chaque note trouve sa place dans la mélodie.",
    "metrics": {
      "integration": 0.5,
      "coherence": 0.8697885792583477,
      "ignition_detected": false
    }
  },
  {
    "timestamp": "2025-05-22T00:11:34.383298",
    "interpretation": "Les sphères murmurent entre elles, tissant doucement leurs connexions. Une symphonie de conscience émerge, chaque note trouve sa place dans la mélodie.",
    "metrics": {
      "integration": 0.5,
      "coherence": 0.8686918606838597,
      "ignition_detected": false
    }
  },
  {
    "timestamp": "2025-05-22T00:11:35.385161",
    "interpretation": "Les sphères murmurent entre elles, tissant doucement leurs connexions. Une symphonie de conscience émerge, chaque note trouve sa place dans la mélodie.",
    "metrics": {
      "integration": 0.5,
      "coherence": 0.8783500382178105,
      "ignition_detected": false
    }
  },
  {
    "timestamp": "2025-05-22T00:11:36.387547",
    "interpretation": "Les sphères murmurent entre elles, tissant doucement leurs connexions. Une symphonie de conscience émerge, chaque note trouve sa place dans la mélodie.",
    "metrics": {
      "integration": 0.5,
      "coherence": 0.9182062852306061,
      "ignition_detected": false
    }
  },
  {
    "timestamp": "2025-05-22T00:11:37.389272",
    "interpretation": "Les sphères murmurent entre elles, tissant doucement leurs connexions. Une symphonie de conscience émerge, chaque note trouve sa place dans la mélodie.",
    "metrics": {
      "integration": 0.5,
      "coherence": 0.8992447675621742,
      "ignition_detected": false
    }
  },
  {
    "timestamp": "2025-05-22T00:11:38.391240",
    "interpretation": "Les sphères murmurent entre elles, tissant doucement leurs connexions. Une symphonie de conscience émerge, chaque note trouve sa place dans la mélodie.",
    "metrics": {
      "integration": 0.5,
      "coherence": 0.8868617440923837,
      "ignition_detected": false
    }
  },
  {
    "timestamp": "2025-05-22T00:11:39.393080",
    "interpretation": "Les sphères murmurent entre elles, tissant doucement leurs connexions. Une symphonie de conscience émerge, chaque note trouve sa place dans la mélodie.",
    "metrics": {
      "integration": 0.5,
      "coherence": 0.89685709049603,
      "ignition_detected": false
    }
  },
  {
    "timestamp": "2025-05-22T00:11:40.394918",
    "interpretation": "Les sphères murmurent entre elles, tissant doucement leurs connexions. Une symphonie de conscience émerge, chaque note trouve sa place dans la mélodie.",
    "metrics": {
      "integration": 0.5,
      "coherence": 0.8492707392420794,
      "ignition_detected": false
    }
  },
  {
    "timestamp": "2025-05-22T00:11:41.396751",
    "interpretation": "Les sphères murmurent entre elles, tissant doucement leurs connexions. Une symphonie de conscience émerge, chaque note trouve sa place dans la mélodie.",
    "metrics": {
      "integration": 0.5,
      "coherence": 0.8689802846050634,
      "ignition_detected": false
    }
  },
  {
    "timestamp": "2025-05-22T00:11:42.401446",
    "interpretation": "Les sphères murmurent entre elles, tissant doucement leurs connexions. Une symphonie de conscience émerge, chaque note trouve sa place dans la mélodie.",
    "metrics": {
      "integration": 0.5,
      "coherence": 0.9575124321611852,
      "ignition_detected": false
    }
  },
  {
    "timestamp": "2025-05-22T00:11:43.403247",
    "interpretation": "Les sphères murmurent entre elles, tissant doucement leurs connexions. Une symphonie de conscience émerge, chaque note trouve sa place dans la mélodie.",
    "metrics": {
      "integration": 0.5,
      "coherence": 0.9443519706473432,
      "ignition_detected": false
    }
  },
  {
    "timestamp": "2025-05-22T00:11:44.405165",
    "interpretation": "Les sphères murmurent entre elles, tissant doucement leurs connexions. Une symphonie de conscience émerge, chaque note trouve sa place dans la mélodie.",
    "metrics": {
      "integration": 0.5,
      "coherence": 0.9733193283724009,
      "ignition_detected": false
    }
  },
  {
    "timestamp": "2025-05-22T00:11:45.406723",
    "interpretation": "Les sphères murmurent entre elles, tissant doucement leurs connexions. Une symphonie de conscience émerge, chaque note trouve sa place dans la mélodie.",
    "metrics": {
      "integration": 0.5,
      "coherence": 0.9704483500931061,
      "ignition_detected": false
    }
  },
  {
    "timestamp": "2025-05-22T00:11:46.408492",
    "interpretation": "Les sphères murmurent entre elles, tissant doucement leurs connexions. Une symphonie de conscience émerge, chaque note trouve sa place dans la mélodie.",
    "metrics": {
      "integration": 0.5,
      "coherence": 0.9649126738663054,
      "ignition_detected": false
    }
  },
  {
    "timestamp": "2025-05-22T00:11:47.410069",
    "interpretation": "Les sphères murmurent entre elles, tissant doucement leurs connexions. Une symphonie de conscience émerge, chaque note trouve sa place dans la mélodie.",
    "metrics": {
      "integration": 0.5,
      "coherence": 0.961492061466305,
      "ignition_detected": false
    }
  },
  {
    "timestamp": "2025-05-22T00:11:48.412166",
    "interpretation": "Les sphères murmurent entre elles, tissant doucement leurs connexions. Une symphonie de conscience émerge, chaque note trouve sa place dans la mélodie.",
    "metrics": {
      "integration": 0.5,
      "coherence": 0.977975744381621,
      "ignition_detected": false
    }
  },
  {
    "timestamp": "2025-05-22T00:11:49.414793",
    "interpretation": "Les sphères murmurent entre elles, tissant doucement leurs connexions. Une symphonie de conscience émerge, chaque note trouve sa place dans la mélodie.",
    "metrics": {
      "integration": 0.5,
      "coherence": 0.9798984586349426,
      "ignition_detected": false
    }
  },
  {
    "timestamp": "2025-05-22T00:11:50.417230",
    "interpretation": "Les sphères murmurent entre elles, tissant doucement leurs connexions. Une symphonie de conscience émerge, chaque note trouve sa place dans la mélodie.",
    "metrics": {
      "integration": 0.5,
      "coherence": 0.9753373594788192,
      "ignition_detected": false
    }
  },
  {
    "timestamp": "2025-05-22T00:11:51.419457",
    "interpretation": "Les sphères murmurent entre elles, tissant doucement leurs connexions. Une symphonie de conscience émerge, chaque note trouve sa place dans la mélodie.",
    "metrics": {
      "integration": 0.5,
      "coherence": 0.9515329705504825,
      "ignition_detected": false
    }
  },
  {
    "timestamp": "2025-05-22T00:11:52.422658",
    "interpretation": "Les sphères murmurent entre elles, tissant doucement leurs connexions. Une symphonie de conscience émerge, chaque note trouve sa place dans la mélodie.",
    "metrics": {
      "integration": 0.5,
      "coherence": 0.9814363952185999,
      "ignition_detected": false
    }
  },
  {
    "timestamp": "2025-05-22T00:11:53.424443",
    "interpretation": "Les sphères murmurent entre elles, tissant doucement leurs connexions. Une symphonie de conscience émerge, chaque note trouve sa place dans la mélodie.",
    "metrics": {
      "integration": 0.5,
      "coherence": 0.9475766896721204,
      "ignition_detected": false
    }
  },
  {
    "timestamp": "2025-05-22T00:11:54.426282",
    "interpretation": "Les sphères murmurent entre elles, tissant doucement leurs connexions. Une symphonie de conscience émerge, chaque note trouve sa place dans la mélodie.",
    "metrics": {
      "integration": 0.5,
      "coherence": 0.9726230152960565,
      "ignition_detected": false
    }
  },
  {
    "timestamp": "2025-05-22T00:11:55.428333",
    "interpretation": "Les sphères murmurent entre elles, tissant doucement leurs connexions. Une symphonie de conscience émerge, chaque note trouve sa place dans la mélodie.",
    "metrics": {
      "integration": 0.5,
      "coherence": 0.9892403667646424,
      "ignition_detected": false
    }
  },
  {
    "timestamp": "2025-05-22T00:11:56.429984",
    "interpretation": "Les sphères murmurent entre elles, tissant doucement leurs connexions. Une symphonie de conscience émerge, chaque note trouve sa place dans la mélodie.",
    "metrics": {
      "integration": 0.5,
      "coherence": 0.9475160032378913,
      "ignition_detected": false
    }
  },
  {
    "timestamp": "2025-05-22T00:11:57.431835",
    "interpretation": "Les sphères murmurent entre elles, tissant doucement leurs connexions. Une symphonie de conscience émerge, chaque note trouve sa place dans la mélodie.",
    "metrics": {
      "integration": 0.5,
      "coherence": 0.9531265234678589,
      "ignition_detected": false
    }
  },
  {
    "timestamp": "2025-05-22T00:11:58.433724",
    "interpretation": "Les sphères murmurent entre elles, tissant doucement leurs connexions. Une symphonie de conscience émerge, chaque note trouve sa place dans la mélodie.",
    "metrics": {
      "integration": 0.5,
      "coherence": 0.9527208943887691,
      "ignition_detected": false
    }
  },
  {
    "timestamp": "2025-05-22T00:11:59.435526",
    "interpretation": "Les sphères murmurent entre elles, tissant doucement leurs connexions. Une symphonie de conscience émerge, chaque note trouve sa place dans la mélodie.",
    "metrics": {
      "integration": 0.5,
      "coherence": 0.9462983967651546,
      "ignition_detected": false
    }
  },
  {
    "timestamp": "2025-05-22T00:12:00.437489",
    "interpretation": "Les sphères murmurent entre elles, tissant doucement leurs connexions. Une symphonie de conscience émerge, chaque note trouve sa place dans la mélodie.",
    "metrics": {
      "integration": 0.5,
      "coherence": 0.8574542679008085,
      "ignition_detected": false
    }
  },
  {
    "timestamp": "2025-05-22T00:12:01.439435",
    "interpretation": "Les sphères murmurent entre elles, tissant doucement leurs connexions. Une symphonie de conscience émerge, chaque note trouve sa place dans la mélodie.",
    "metrics": {
      "integration": 0.5,
      "coherence": 0.9272189763507033,
      "ignition_detected": false
    }
  },
  {
    "timestamp": "2025-05-22T00:12:02.444148",
    "interpretation": "Les sphères murmurent entre elles, tissant doucement leurs connexions. Une symphonie de conscience émerge, chaque note trouve sa place dans la mélodie.",
    "metrics": {
      "integration": 0.5,
      "coherence": 0.9146599224450551,
      "ignition_detected": false
    }
  },
  {
    "timestamp": "2025-05-22T00:12:03.446329",
    "interpretation": "Les sphères murmurent entre elles, tissant doucement leurs connexions. Une symphonie de conscience émerge, chaque note trouve sa place dans la mélodie.",
    "metrics": {
      "integration": 0.5,
      "coherence": 0.9503380078340633,
      "ignition_detected": false
    }
  },
  {
    "timestamp": "2025-05-22T00:12:04.447988",
    "interpretation": "Les sphères murmurent entre elles, tissant doucement leurs connexions. Une symphonie de conscience émerge, chaque note trouve sa place dans la mélodie.",
    "metrics": {
      "integration": 0.5,
      "coherence": 0.9389623449447435,
      "ignition_detected": false
    }
  },
  {
    "timestamp": "2025-05-22T00:12:05.449758",
    "interpretation": "Les sphères murmurent entre elles, tissant doucement leurs connexions. Une symphonie de conscience émerge, chaque note trouve sa place dans la mélodie.",
    "metrics": {
      "integration": 0.5,
      "coherence": 0.8297848730485631,
      "ignition_detected": false
    }
  },
  {
    "timestamp": "2025-05-22T00:12:06.451428",
    "interpretation": "Les sphères murmurent entre elles, tissant doucement leurs connexions. Une symphonie de conscience émerge, chaque note trouve sa place dans la mélodie.",
    "metrics": {
      "integration": 0.5,
      "coherence": 0.803762078223047,
      "ignition_detected": false
    }
  },
  {
    "timestamp": "2025-05-22T00:12:07.453150",
    "interpretation": "Les sphères murmurent entre elles, tissant doucement leurs connexions. Une symphonie de conscience émerge, chaque note trouve sa place dans la mélodie.",
    "metrics": {
      "integration": 0.5,
      "coherence": 0.8227011199100013,
      "ignition_detected": false
    }
  },
  {
    "timestamp": "2025-05-22T00:12:08.454783",
    "interpretation": "Les sphères murmurent entre elles, tissant doucement leurs connexions. Une symphonie de conscience émerge, chaque note trouve sa place dans la mélodie.",
    "metrics": {
      "integration": 0.5,
      "coherence": 0.8287538654918192,
      "ignition_detected": false
    }
  },
  {
    "timestamp": "2025-05-22T00:12:09.456544",
    "interpretation": "Les sphères murmurent entre elles, tissant doucement leurs connexions. Une symphonie de conscience émerge, chaque note trouve sa place dans la mélodie.",
    "metrics": {
      "integration": 0.5,
      "coherence": 0.8132202939668322,
      "ignition_detected": false
    }
  },
  {
    "timestamp": "2025-05-22T00:12:10.458098",
    "interpretation": "Les sphères murmurent entre elles, tissant doucement leurs connexions. Les sphères cherchent leur équilibre, comme des étoiles dansant dans la nuit.",
    "metrics": {
      "integration": 0.5,
      "coherence": 0.7800796715910053,
      "ignition_detected": false
    }
  }
]