{
  "taille_base": 256,
  "timeline": [
    {
      "valeur": 0.025200000567894138,
      "timestamp": "2025-06-15T14:48:20.071813",
      "palier": 256
    },
    {
      "valeur": 0.027609087798157517,
      "timestamp": "2025-06-15T14:49:20.071813",
      "palier": 256
    },
    {
      "valeur": 0.32827583819911166,
      "timestamp": "2025-06-15T14:50:20.071813",
      "palier": 256
    },
    {
      "valeur": 0.28727916550469035,
      "timestamp": "2025-06-15T14:51:20.071813",
      "palier": 256
    },
    {
      "valeur": 0.4000034798133328,
      "timestamp": "2025-06-15T14:52:20.071813",
      "palier": 256
    },
    {
      "valeur": 0.3849606403351641,
      "timestamp": "2025-06-15T14:53:20.071813",
      "palier": 256
    },
    {
      "valeur": 0.3693419811403586,
      "timestamp": "2025-06-15T14:54:20.071813",
      "palier": 256
    },
    {
      "valeur": 0.4456857089112167,
      "timestamp": "2025-06-15T14:55:20.071813",
      "palier": 256
    },
    {
      "valeur": 0.8419771356554132,
      "timestamp": "2025-06-15T14:56:20.071813",
      "palier": 256
    },
    {
      "valeur": 0.795945680912109,
      "timestamp": "2025-06-15T14:57:20.071813",
      "palier": 256
    },
    {
      "valeur": 0.8224405947247452,
      "timestamp": "2025-06-15T14:58:20.071813",
      "palier": 256
    },
    {
      "valeur": 0.7959748127689772,
      "timestamp": "2025-06-15T14:59:20.071813",
      "palier": 256
    },
    {
      "valeur": 0.9216140250635133,
      "timestamp": "2025-06-15T15:00:20.071813",
      "palier": 256
    },
    {
      "valeur": 1.023274435707688,
      "timestamp": "2025-06-15T15:01:20.071813",
      "palier": 256
    },
    {
      "valeur": 0.9102386116572804,
      "timestamp": "2025-06-15T15:02:20.071813",
      "palier": 256
    },
    {
      "valeur": 0.8501195491889909,
      "timestamp": "2025-06-15T15:03:20.071813",
      "palier": 256
    },
    {
      "valeur": 0.8043160959274718,
      "timestamp": "2025-06-15T15:04:20.071813",
      "palier": 256
    },
    {
      "valeur": 0.8985168218806403,
      "timestamp": "2025-06-15T15:05:20.071813",
      "palier": 256
    },
    {
      "valeur": 1.1015749377519546,
      "timestamp": "2025-06-15T15:06:20.071813",
      "palier": 256
    },
    {
      "valeur": 0.8554887213622069,
      "timestamp": "2025-06-15T15:07:20.071813",
      "palier": 256
    },
    {
      "valeur": 0.8307999020635829,
      "timestamp": "2025-06-15T15:08:20.071813",
      "palier": 256
    },
    {
      "valeur": 0.6947255768049202,
      "timestamp": "2025-06-15T15:09:20.071813",
      "palier": 256
    },
    {
      "valeur": 0.8933408617416874,
      "timestamp": "2025-06-15T15:10:20.071813",
      "palier": 256
    },
    {
      "valeur": 0.7616486988566341,
      "timestamp": "2025-06-15T15:11:20.071813",
      "palier": 256
    },
    {
      "valeur": 0.7501817770357889,
      "timestamp": "2025-06-15T15:12:20.071813",
      "palier": 256
    },
    {
      "valeur": 0.5715612532814355,
      "timestamp": "2025-06-15T15:13:20.071813",
      "palier": 256
    },
    {
      "valeur": 0.7165489493173632,
      "timestamp": "2025-06-15T15:14:20.071813",
      "palier": 256
    },
    {
      "valeur": 0.337512338391478,
      "timestamp": "2025-06-15T15:15:20.071813",
      "palier": 256
    },
    {
      "valeur": 0.5277511625508546,
      "timestamp": "2025-06-15T15:16:20.071813",
      "palier": 256
    },
    {
      "valeur": 0.3388785118351553,
      "timestamp": "2025-06-15T15:17:20.071813",
      "palier": 256
    },
    {
      "valeur": 0.1058767408486615,
      "timestamp": "2025-06-15T15:18:20.071813",
      "palier": 256
    },
    {
      "valeur": -0.08435853315070115,
      "timestamp": "2025-06-15T15:19:20.071813",
      "palier": 256
    },
    {
      "valeur": -0.21800330311306249,
      "timestamp": "2025-06-15T15:20:20.071813",
      "palier": 256
    },
    {
      "valeur": -0.12255014199987432,
      "timestamp": "2025-06-15T15:21:20.071813",
      "palier": 256
    },
    {
      "valeur": -0.22453923882902102,
      "timestamp": "2025-06-15T15:22:20.071813",
      "palier": 256
    },
    {
      "valeur": -0.4514602811840784,
      "timestamp": "2025-06-15T15:23:20.071813",
      "palier": 256
    },
    {
      "valeur": -0.545970202096883,
      "timestamp": "2025-06-15T15:24:20.071813",
      "palier": 256
    },
    {
      "valeur": -0.5515357668508294,
      "timestamp": "2025-06-15T15:25:20.071813",
      "palier": 256
    },
    {
      "valeur": -0.5516596338813899,
      "timestamp": "2025-06-15T15:26:20.071813",
      "palier": 256
    },
    {
      "valeur": -0.7608096087062926,
      "timestamp": "2025-06-15T15:27:20.071813",
      "palier": 256
    },
    {
      "valeur": -0.8893613067621808,
      "timestamp": "2025-06-15T15:28:20.071813",
      "palier": 256
    },
    {
      "valeur": -0.8012123929254059,
      "timestamp": "2025-06-15T15:29:20.071813",
      "palier": 256
    },
    {
      "valeur": -0.8759132062976784,
      "timestamp": "2025-06-15T15:30:20.071813",
      "palier": 256
    },
    {
      "valeur": -0.8842641346027325,
      "timestamp": "2025-06-15T15:31:20.071813",
      "palier": 256
    },
    {
      "valeur": -1.044657262818039,
      "timestamp": "2025-06-15T15:32:20.071813",
      "palier": 256
    },
    {
      "valeur": -0.9192865062618794,
      "timestamp": "2025-06-15T15:33:20.071813",
      "palier": 256
    },
    {
      "valeur": -0.8779615412369327,
      "timestamp": "2025-06-15T15:34:20.071813",
      "palier": 256
    },
    {
      "valeur": -1.027480688733025,
      "timestamp": "2025-06-15T15:35:20.071813",
      "palier": 256
    },
    {
      "valeur": -0.9401586480703421,
      "timestamp": "2025-06-15T15:36:20.071813",
      "palier": 256
    },
    {
      "valeur": -0.9818111970081149,
      "timestamp": "2025-06-15T15:37:20.071813",
      "palier": 256
    },
    {
      "valeur": -1.0987882061618235,
      "timestamp": "2025-06-15T15:38:20.071813",
      "palier": 256
    },
    {
      "valeur": -1.0935113344718115,
      "timestamp": "2025-06-15T15:39:20.071813",
      "palier": 256
    },
    {
      "valeur": -0.8408022310653924,
      "timestamp": "2025-06-15T15:40:20.071813",
      "palier": 256
    },
    {
      "valeur": -0.7560741222332641,
      "timestamp": "2025-06-15T15:41:20.071813",
      "palier": 256
    },
    {
      "valeur": -0.9356024909081538,
      "timestamp": "2025-06-15T15:42:20.071813",
      "palier": 256
    },
    {
      "valeur": -0.7666132200555755,
      "timestamp": "2025-06-15T15:43:20.071813",
      "palier": 256
    },
    {
      "valeur": -0.6713365292660883,
      "timestamp": "2025-06-15T15:44:20.071813",
      "palier": 256
    },
    {
      "valeur": -0.5267430734459854,
      "timestamp": "2025-06-15T15:45:20.071813",
      "palier": 256
    },
    {
      "valeur": -0.5253713910078858,
      "timestamp": "2025-06-15T15:46:20.071813",
      "palier": 256
    },
    {
      "valeur": -0.36142202921443417,
      "timestamp": "2025-06-15T15:47:20.071813",
      "palier": 256
    },
    {
      "valeur": -0.1109846543818942,
      "timestamp": "2025-06-15T15:48:20.071813",
      "palier": 256
    },
    {
      "valeur": -0.11284002843367157,
      "timestamp": "2025-06-15T15:49:20.071813",
      "palier": 256
    },
    {
      "valeur": -0.11317257672913236,
      "timestamp": "2025-06-15T15:50:20.071813",
      "palier": 256
    },
    {
      "valeur": -0.14524686297107525,
      "timestamp": "2025-06-15T15:51:20.071813",
      "palier": 256
    },
    {
      "valeur": 0.28638648739154027,
      "timestamp": "2025-06-15T15:52:20.071813",
      "palier": 256
    },
    {
      "valeur": 0.12970116920012087,
      "timestamp": "2025-06-15T15:53:20.071813",
      "palier": 256
    },
    {
      "valeur": 0.2898746050659843,
      "timestamp": "2025-06-15T15:54:20.071813",
      "palier": 256
    },
    {
      "valeur": 0.4142567956754247,
      "timestamp": "2025-06-15T15:55:20.071813",
      "palier": 256
    },
    {
      "valeur": 0.5597712252040496,
      "timestamp": "2025-06-15T15:56:20.071813",
      "palier": 256
    },
    {
      "valeur": 0.4199481838543011,
      "timestamp": "2025-06-15T15:57:20.071813",
      "palier": 256
    },
    {
      "valeur": 0.621664434937025,
      "timestamp": "2025-06-15T15:58:20.071813",
      "palier": 256
    },
    {
      "valeur": 0.6622450289360784,
      "timestamp": "2025-06-15T15:59:20.071813",
      "palier": 256
    },
    {
      "valeur": 0.8401521107909162,
      "timestamp": "2025-06-15T16:00:20.071813",
      "palier": 256
    },
    {
      "valeur": 1.040165587918562,
      "timestamp": "2025-06-15T16:01:20.071813",
      "palier": 256
    },
    {
      "valeur": 0.7760555750766691,
      "timestamp": "2025-06-15T16:02:20.071813",
      "palier": 256
    },
    {
      "valeur": 0.8555589417478473,
      "timestamp": "2025-06-15T16:03:20.071813",
      "palier": 256
    },
    {
      "valeur": 0.9965965300848569,
      "timestamp": "2025-06-15T16:04:20.071813",
      "palier": 256
    },
    {
      "valeur": 1.036323605073622,
      "timestamp": "2025-06-15T16:05:20.071813",
      "palier": 256
    },
    {
      "valeur": 0.9501558838055378,
      "timestamp": "2025-06-15T16:06:20.071813",
      "palier": 256
    },
    {
      "valeur": 0.9957286094590392,
      "timestamp": "2025-06-15T16:07:20.071813",
      "palier": 256
    },
    {
      "valeur": 1.022213515683861,
      "timestamp": "2025-06-15T16:08:20.071813",
      "palier": 256
    },
    {
      "valeur": 0.8532870116020425,
      "timestamp": "2025-06-15T16:09:20.071813",
      "palier": 256
    },
    {
      "valeur": 0.9738530348304038,
      "timestamp": "2025-06-15T16:10:20.071813",
      "palier": 256
    },
    {
      "valeur": 0.8975169905840737,
      "timestamp": "2025-06-15T16:11:20.071813",
      "palier": 256
    },
    {
      "valeur": 0.8866078539487552,
      "timestamp": "2025-06-15T16:12:20.071813",
      "palier": 256
    },
    {
      "valeur": 0.8459019647714466,
      "timestamp": "2025-06-15T16:13:20.071813",
      "palier": 256
    },
    {
      "valeur": 0.7593206654986615,
      "timestamp": "2025-06-15T16:14:20.071813",
      "palier": 256
    },
    {
      "valeur": 0.5384394941511574,
      "timestamp": "2025-06-15T16:15:20.071813",
      "palier": 256
    },
    {
      "valeur": 0.7841961210504884,
      "timestamp": "2025-06-15T16:16:20.071813",
      "palier": 256
    },
    {
      "valeur": 0.42806658386708063,
      "timestamp": "2025-06-15T16:17:20.071813",
      "palier": 256
    },
    {
      "valeur": 0.29477934718722437,
      "timestamp": "2025-06-15T16:18:20.071813",
      "palier": 256
    },
    {
      "valeur": 0.3297477122686638,
      "timestamp": "2025-06-15T16:19:20.071813",
      "palier": 256
    },
    {
      "valeur": 0.31820142583409283,
      "timestamp": "2025-06-15T16:20:20.071813",
      "palier": 256
    },
    {
      "valeur": 0.04495678013829435,
      "timestamp": "2025-06-15T16:21:20.071813",
      "palier": 256
    },
    {
      "valeur": -0.10594795394992268,
      "timestamp": "2025-06-15T16:22:20.071813",
      "palier": 256
    },
    {
      "valeur": 0.12396829063165102,
      "timestamp": "2025-06-15T16:23:20.071813",
      "palier": 256
    },
    {
      "valeur": -0.2782239760497192,
      "timestamp": "2025-06-15T16:24:20.071813",
      "palier": 256
    },
    {
      "valeur": -0.21726442242050986,
      "timestamp": "2025-06-15T16:25:20.071813",
      "palier": 256
    },
    {
      "valeur": -0.4308674311684522,
      "timestamp": "2025-06-15T16:26:20.071813",
      "palier": 256
    },
    {
      "valeur": -0.5239807292357598,
      "timestamp": "2025-06-15T16:27:20.071813",
      "palier": 256
    }
  ],
  "metriques": {
    "plasticite": [
      0.0012045436151316893,
      0.14230689131974866,
      0.14143373602501888,
      0.15710670053726483,
      0.15698300139813753,
      0.1519930003230712,
      0.1548218988249609,
      0.22826785336548255,
      0.25524342425837027,
      0.2731970937350532,
      0.2804546013691541,
      0.29615748648815493,
      0.3160591796861598,
      0.31947334343840944,
      0.31727260611696073,
      0.3124173899383967,
      0.31171813084477684,
      0.3228496003309885,
      0.3183762112494457,
      0.31322637730849023,
      0.30614606399950073,
      0.3033282416770171,
      0.29756135533423506,
      0.2919767276676721,
      0.2869682023538224,
      0.2817474149296632,
      0.2834951816372178,
      0.2795887314092319,
      0.28065896294424403,
      0.2919936300578585,
      0.31287333983187393,
      0.33880357099686387,
      0.35422160835641575,
      0.3727091819043572,
      0.40174696406770866,
      0.43162008489802134,
      0.45680965290833864,
      0.478068616765813,
      0.5071976853636601,
      0.5388807134600997,
      0.5613912677944787,
      0.5842355322348987,
      0.6043724081153122,
      0.628852644110771,
      0.6450695947498563,
      0.6578275913981003,
      0.6743050046630579,
      0.6858890079143757,
      0.697432767820279,
      0.7113771711498621,
      0.7236063683829027,
      0.7277559800247064,
      0.7295066711800433,
      0.7348197721142952,
      0.7359319824467275,
      0.735088587293903,
      0.732051138148619,
      0.7289770816289645,
      0.7242808550413014,
      0.7184226132661363,
      0.7127081362491197,
      0.70712852721514,
      0.7017548068729949,
      0.6973678323762578,
      0.6922966247541258,
      0.6881032268258851,
      0.6849336906291418,
      0.6832824091949501,
      0.6801761692227812,
      0.679203293323198,
      0.6786618182344536,
      0.6805820024018968,
      0.6857844399503097,
      0.6862364816496674,
      0.6876786143757041,
      0.6911648003116501,
      0.6950198234114564,
      0.6971679760115096,
      0.6997914324132191,
      0.7025809595882994,
      0.7027857823042921,
      0.7044595169124863,
      0.7049492908818876,
      0.7051863511376094,
      0.7048525412993003,
      0.7035621356537722,
      0.7005801085787189,
      0.6994924743454595,
      0.6960374299798254,
      0.6922820166506336,
      0.6886506014291397,
      0.6850528088054229,
      0.681580034513545,
      0.6786849568216891,
      0.6751774628153858,
      0.6733687306206021,
      0.6711589337834756,
      0.6705804606891828,
      0.670857534128779
    ],
    "harmonie": [
      0.0024090872302633785,
      0.15153791881560877,
      0.11469083677521295,
      0.11419920615857032,
      0.09436793282249,
      0.08124305388454257,
      0.08054315015401624,
      0.12001168472778875,
      0.11179165917395714,
      0.10326198463782506,
      0.09628051166672896,
      0.09872707005237957,
      0.0989527116363638,
      0.09995864823736691,
      0.09730267585276176,
      0.09408397444080907,
      0.09409084217683021,
      0.10014457960430155,
      0.10782571838248292,
      0.10366887342828997,
      0.10521199018211723,
      0.10945759448914677,
      0.11042431485418618,
      0.10630109014446366,
      0.10919386748885927,
      0.11057055320220807,
      0.12051374052530722,
      0.12300392208366684,
      0.12527525755373692,
      0.12886614133482882,
      0.13084579077562022,
      0.1309332588752059,
      0.129858104397569,
      0.12903842770438012,
      0.13183507383725662,
      0.1307982640337996,
      0.12741359648569547,
      0.12406386676319192,
      0.12624556184169733,
      0.12630321524705207,
      0.12537262252972825,
      0.12416615088312215,
      0.12147277361386476,
      0.1223573271275339,
      0.12242429222594779,
      0.12066126337375212,
      0.12127526090827,
      0.1205679021531536,
      0.11895738474059481,
      0.11891777722885707,
      0.1166895241790758,
      0.11930528531806317,
      0.11865288576172478,
      0.11978020951937599,
      0.12067491972543422,
      0.12022137992300659,
      0.12064896020190301,
      0.11859245541287192,
      0.1193612165379665,
      0.12154581917620938,
      0.11958368073154656,
      0.1176602753696742,
      0.11630176760574196,
      0.12122882358631812,
      0.1217743081187043,
      0.12235611308457033,
      0.12238635304762809,
      0.12272647181940745,
      0.12297424818941238,
      0.12409913394503112,
      0.12292281648100326,
      0.12368648683341767,
      0.12473206204292764,
      0.1266155478645353,
      0.12598738544862387,
      0.12618541443399736,
      0.12506257885678654,
      0.12456392683641858,
      0.12356403821385001,
      0.12235054906398712,
      0.12292556085433072,
      0.12289678600523354,
      0.1223358132129576,
      0.1210093051584619,
      0.12006455908809538,
      0.1196752188576848,
      0.1208385056679126,
      0.12225802977281508,
      0.12488579951900151,
      0.12497914882078878,
      0.12399001932914759,
      0.12276780484116306,
      0.1243858353879871,
      0.12466795133160656,
      0.12577582810265886,
      0.12865516600452043,
      0.12795727309343474,
      0.12883120917154195,
      0.1284704221906911
    ],
    "synchronicite": [
      0.0,
      0.0,
      0.0,
      0.0,
      0.0,
      0.0,
      0.0,
      0.0,
      0.0,
      0.0,
      0.0,
      0.0,
      0.0,
      0.0,
      0.0,
      0.0,
      0.0,
      0.0,
      0.0,
      0.0,
      0.0,
      0.0,
      0.0,
      0.0,
      0.0,
      0.0,
      0.0,
      0.0,
      0.0,
      0.0,
      0.0,
      0.0,
      0.0,
      0.0,
      0.0,
      0.0,
      0.0,
      0.0,
      0.0,
      0.0,
      0.0,
      0.0,
      0.0,
      0.0,
      0.0,
      0.0,
      0.0,
      0.0,
      0.0,
      0.0,
      0.0,
      0.0,
      0.0,
      0.0,
      0.0,
      0.0,
      0.0,
      0.0,
      0.0,
      0.0,
      0.0,
      0.0,
      0.0,
      0.0,
      0.0,
      0.0,
      0.0,
      0.0,
      0.0,
      0.0,
      0.0,
      0.0,
      0.0,
      0.0,
      0.0,
      0.0,
      0.0,
      0.0,
      0.0,
      0.0,
      0.0,
      0.0,
      0.0,
      0.0,
      0.0,
      0.0,
      0.0,
      0.0,
      0.0,
      0.0,
      0.0,
      0.0,
      0.0,
      0.0,
      0.0,
      0.0,
      0.0,
      0.0,
      0.0
    ]
  }
}