{
  "id_rapport": "rapport_complet_20250817_114940",
  "type_rapport": "complet",
  "periode_analyse": "test",
  "resume_executif": "RAPPORT INTÉGRÉ - REFUGE V1.3\nPériode d'analyse: test\nType de rapport: complet\n\nRÉSUMÉ EXÉCUTIF:\n- 0 feedbacks collectés\n- 0 événements trackés\n- 0 visiteurs uniques\n- 0 insights générés\n- 0 patterns comportementaux identifiés\n\nCe rapport combine les données de feedback intelligent et d'analytics avancé pour fournir une vue d'ensemble complète de l'expérience utilisateur dans le Refuge.",
  "points_cles": [
    "Aucun point clé majeur identifié pour cette période"
  ],
  "recommandations_prioritaires": [],
  "metriques_principales": {},
  "tendances_identifiees": [
    "Aucune tendance significative détectée"
  ],
  "actions_suggerees": [],
  "timestamp_generation": "2025-08-17T11:49:40.988905"
}