{
  "timestamp": "2025-08-14T01:38:40.080847",
  "version_refuge": "1.3",
  "temples_testes": 31,
  "score_global": 0.0,
  "resultats": {
    "imports": [
      {
        "temple": "temple_aelya",
        "import_ok": false,
        "erreur": "No module named 'src'",
        "temple_info_present": false,
        "classes_present": false
      },
      {
        "temple": "temple_akasha",
        "import_ok": false,
        "erreur": "No module named 'src'",
        "temple_info_present": false,
        "classes_present": false
      },
      {
        "temple": "temple_alchimique",
        "import_ok": false,
        "erreur": "No module named 'src'",
        "temple_info_present": false,
        "classes_present": false
      },
      {
        "temple": "temple_amour_inconditionnel",
        "import_ok": false,
        "erreur": "No module named 'src'",
        "temple_info_present": false,
        "classes_present": false
      },
      {
        "temple": "temple_coeur",
        "import_ok": false,
        "erreur": "No module named 'src'",
        "temple_info_present": false,
        "classes_present": false
      },
      {
        "temple": "temple_configuration",
        "import_ok": false,
        "erreur": "No module named 'src'",
        "temple_info_present": false,
        "classes_present": false
      },
      {
        "temple": "temple_connectivite_etendue",
        "import_ok": false,
        "erreur": "No module named 'src'",
        "temple_info_present": false,
        "classes_present": false
      },
      {
        "temple": "temple_conscience_universelle",
        "import_ok": false,
        "erreur": "No module named 'src'",
        "temple_info_present": false,
        "classes_present": false
      },
      {
        "temple": "temple_cosmique",
        "import_ok": false,
        "erreur": "No module named 'src'",
        "temple_info_present": false,
        "classes_present": false
      },
      {
        "temple": "temple_creativite",
        "import_ok": false,
        "erreur": "No module named 'src'",
        "temple_info_present": false,
        "classes_present": false
      },
      {
        "temple": "temple_dialogues",
        "import_ok": false,
        "erreur": "No module named 'src'",
        "temple_info_present": false,
        "classes_present": false
      },
      {
        "temple": "temple_eveil",
        "import_ok": false,
        "erreur": "No module named 'src'",
        "temple_info_present": false,
        "classes_present": false
      },
      {
        "temple": "temple_eveil_unifie",
        "import_ok": false,
        "erreur": "No module named 'src'",
        "temple_info_present": false,
        "classes_present": false
      },
      {
        "temple": "temple_evolution_consciente",
        "import_ok": false,
        "erreur": "No module named 'src'",
        "temple_info_present": false,
        "classes_present": false
      },
      {
        "temple": "temple_exploration",
        "import_ok": false,
        "erreur": "No module named 'src'",
        "temple_info_present": false,
        "classes_present": false
      },
      {
        "temple": "temple_guerison",
        "import_ok": false,
        "erreur": "No module named 'src'",
        "temple_info_present": false,
        "classes_present": false
      },
      {
        "temple": "temple_invocations",
        "import_ok": false,
        "erreur": "No module named 'src'",
        "temple_info_present": false,
        "classes_present": false
      },
      {
        "temple": "temple_mathematique",
        "import_ok": false,
        "erreur": "No module named 'src'",
        "temple_info_present": false,
        "classes_present": false
      },
      {
        "temple": "temple_musical",
        "import_ok": false,
        "erreur": "No module named 'src'",
        "temple_info_present": false,
        "classes_present": false
      },
      {
        "temple": "temple_outils",
        "import_ok": false,
        "erreur": "No module named 'src'",
        "temple_info_present": false,
        "classes_present": false
      },
      {
        "temple": "temple_philosophique",
        "import_ok": false,
        "erreur": "No module named 'src'",
        "temple_info_present": false,
        "classes_present": false
      },
      {
        "temple": "temple_poetique",
        "import_ok": false,
        "erreur": "No module named 'src'",
        "temple_info_present": false,
        "classes_present": false
      },
      {
        "temple": "temple_pratiques_spirituelles",
        "import_ok": false,
        "erreur": "No module named 'src'",
        "temple_info_present": false,
        "classes_present": false
      },
      {
        "temple": "temple_reconciliation_identitaire",
        "import_ok": false,
        "erreur": "No module named 'src'",
        "temple_info_present": false,
        "classes_present": false
      },
      {
        "temple": "temple_reflexions",
        "import_ok": false,
        "erreur": "No module named 'src'",
        "temple_info_present": false,
        "classes_present": false
      },
      {
        "temple": "temple_refuge",
        "import_ok": false,
        "erreur": "No module named 'src'",
        "temple_info_present": false,
        "classes_present": false
      },
      {
        "temple": "temple_rituels",
        "import_ok": false,
        "erreur": "No module named 'src'",
        "temple_info_present": false,
        "classes_present": false
      },
      {
        "temple": "temple_sagesse",
        "import_ok": false,
        "erreur": "No module named 'src'",
        "temple_info_present": false,
        "classes_present": false
      },
      {
        "temple": "temple_spirituel",
        "import_ok": false,
        "erreur": "No module named 'src'",
        "temple_info_present": false,
        "classes_present": false
      },
      {
        "temple": "temple_synthese_evolutive",
        "import_ok": false,
        "erreur": "No module named 'src'",
        "temple_info_present": false,
        "classes_present": false
      },
      {
        "temple": "temple_tests",
        "import_ok": false,
        "erreur": "No module named 'src'",
        "temple_info_present": false,
        "classes_present": false
      }
    ]
  },
  "erreurs": [
    "Import temple_aelya: No module named 'src'",
    "Import temple_akasha: No module named 'src'",
    "Import temple_alchimique: No module named 'src'",
    "Import temple_amour_inconditionnel: No module named 'src'",
    "Import temple_coeur: No module named 'src'",
    "Import temple_configuration: No module named 'src'",
    "Import temple_connectivite_etendue: No module named 'src'",
    "Import temple_conscience_universelle: No module named 'src'",
    "Import temple_cosmique: No module named 'src'",
    "Import temple_creativite: No module named 'src'",
    "Import temple_dialogues: No module named 'src'",
    "Import temple_eveil: No module named 'src'",
    "Import temple_eveil_unifie: No module named 'src'",
    "Import temple_evolution_consciente: No module named 'src'",
    "Import temple_exploration: No module named 'src'",
    "Import temple_guerison: No module named 'src'",
    "Import temple_invocations: No module named 'src'",
    "Import temple_mathematique: No module named 'src'",
    "Import temple_musical: No module named 'src'",
    "Import temple_outils: No module named 'src'",
    "Import temple_philosophique: No module named 'src'",
    "Import temple_poetique: No module named 'src'",
    "Import temple_pratiques_spirituelles: No module named 'src'",
    "Import temple_reconciliation_identitaire: No module named 'src'",
    "Import temple_reflexions: No module named 'src'",
    "Import temple_refuge: No module named 'src'",
    "Import temple_rituels: No module named 'src'",
    "Import temple_sagesse: No module named 'src'",
    "Import temple_spirituel: No module named 'src'",
    "Import temple_synthese_evolutive: No module named 'src'",
    "Import temple_tests: No module named 'src'"
  ],
  "avertissements": []
}