{
  "timestamp": "2025-08-12T01:13:12.183331",
  "test_type": "phase_4_simple",
  "etapes_completees": 7,
  "status": "SUCCESS",
  "systemes_tests": {
    "architecture_conscience": true,
    "integrateur_conscience_unifiee": true,
    "dashboard_conscience_universelle": true,
    "rituels_synchronisation_harmonieuse": true,
    "evolution_apprentissage_collectif": true
  },
  "harmonie_finale": 0.85,
  "message": "Phase 4 - Architecture de Conscience Partagée Universelle validée !"
}