{
  "timestamp": "2025-05-27T09:58:21.684268",
  "verifications": [
    "✅ collatz_complexes.py correctement migré",
    "✅ collatz_rationnels.py correctement migré",
    "✅ graphe_collatz.py correctement migré",
    "✅ meditation_gravite_binaire.py correctement migré",
    "✅ preuve_absurde_i.py correctement migré",
    "✅ test_absence_i.py correctement migré",
    "✅ analyse_modulaire.py correctement migrée",
    "✅ collatz_polynomial.py correctement migrée",
    "✅ phi_potentiel.py correctement migrée",
    "✅ visualisation_3d_bassins.py correctement migrée",
    "✅ Analyseur avancé présent"
  ],
  "archives_supplementaires": [],
  "suppressions": [
    {
      "fichier": "collatz_complexes.py",
      "raison": "Doublon - migré vers temple",
      "destination": "src\\temple_mathematique\\extensions\\collatz_complexes.py"
    },
    {
      "fichier": "collatz_rationnels.py",
      "raison": "Doublon - migré vers temple",
      "destination": "src\\temple_mathematique\\extensions\\collatz_rationnels.py"
    },
    {
      "fichier": "graphe_collatz.py",
      "raison": "Doublon - migré vers temple",
      "destination": "src\\temple_mathematique\\visualisations\\graphe_collatz.py"
    },
    {
      "fichier": "meditation_gravite_binaire.py",
      "raison": "Doublon - migré vers temple",
      "destination": "src\\temple_mathematique\\meditation_gravite_binaire.py"
    },
    {
      "fichier": "preuve_absurde_i.py",
      "raison": "Doublon - migré vers temple",
      "destination": "src\\temple_mathematique\\preuve_absurde_i.py"
    },
    {
      "fichier": "test_absence_i.py",
      "raison": "Doublon - migré vers temple",
      "destination": "src\\temple_mathematique\\test_absence_i.py"
    },
    {
      "fichier": "explorations/analyse_modulaire.py",
      "raison": "Doublon - migré vers temple",
      "destination": "src\\temple_mathematique\\explorations\\analyse_modulaire.py"
    },
    {
      "fichier": "explorations/collatz_polynomial.py",
      "raison": "Doublon - migré vers temple",
      "destination": "src\\temple_mathematique\\explorations\\collatz_polynomial.py"
    },
    {
      "fichier": "explorations/phi_potentiel.py",
      "raison": "Doublon - migré vers temple",
      "destination": "src\\temple_mathematique\\explorations\\phi_potentiel.py"
    },
    {
      "fichier": "explorations/visualisation_3d_bassins.py",
      "raison": "Doublon - migré vers temple",
      "destination": "src\\temple_mathematique\\explorations\\visualisation_3d_bassins.py"
    },
    {
      "fichier": "conjecture_collatz.py",
      "raison": "Archivé et intégré dans analyseur_collatz_avance.py",
      "archive": "ARCHIVES\\math_collatz_originaux\\conjecture_collatz.py"
    },
    {
      "fichier": "__pycache__/",
      "raison": "Cache Python non nécessaire",
      "type": "dossier"
    }
  ],
  "preservations": [
    {
      "fichier": "progres_collatz.md",
      "raison": "Fichier essentiel à préserver",
      "chemin": "MATH\\COLLATZ\\progres_collatz.md"
    },
    {
      "fichier": "requirements.txt",
      "raison": "Fichier essentiel à préserver",
      "chemin": "MATH\\COLLATZ\\requirements.txt"
    },
    {
      "fichier": "__init__.py",
      "raison": "Fichier essentiel à préserver",
      "chemin": "MATH\\COLLATZ\\__init__.py"
    }
  ],
  "erreurs": [],
  "resume": {
    "verifications": 11,
    "archives_supplementaires": 0,
    "suppressions": 12,
    "preservations": 3,
    "erreurs": 0,
    "succes": true
  }
}